3e58bb,127.0.0.1,GET,http://ssgv.local/nuevo_servicio,1752173698,3daf17,500,request
3daf17,127.0.0.1,POST,http://ssgv.local/nuevo_servicio,1752173698,,500,request
8437ad,127.0.0.1,GET,http://ssgv.local/voluntarios,1752173781,,200,request
b90a72,127.0.0.1,GET,http://ssgv.local/servicios,1752173781,,200,request
f78f4f,127.0.0.1,GET,http://ssgv.local/editar_voluntario-1,1752173782,,200,request
f7be1d,127.0.0.1,GET,http://ssgv.local/editar_voluntario-1,1752173784,,200,request
4d1671,127.0.0.1,GET,http://ssgv.local/editar_voluntario-1,1752173785,,200,request
17406e,127.0.0.1,GET,http://ssgv.local/editar_voluntario-1,1752173787,,200,request
5916f6,127.0.0.1,GET,http://ssgv.local/editar_voluntario-1,1752173789,,200,request
0c49c4,127.0.0.1,GET,http://ssgv.local/editar_voluntario-1,1752173791,,200,request
6a6094,127.0.0.1,GET,http://ssgv.local/servicios,1752173792,,200,request
ecb47b,127.0.0.1,GET,http://ssgv.local/servicios,1752173792,,200,request
02e68e,127.0.0.1,GET,http://ssgv.local/editar_voluntario-1,1752173792,,200,request
3bf26c,127.0.0.1,GET,http://ssgv.local/editar_voluntario-1,1752173794,,200,request
19b763,127.0.0.1,GET,http://ssgv.local/editar_voluntario-1,1752173795,,200,request
71c1b3,127.0.0.1,GET,http://ssgv.local/editar_voluntario-1,1752173796,,200,request
659b4a,127.0.0.1,GET,http://ssgv.local/editar_voluntario-1,1752173797,,200,request
5288f1,127.0.0.1,GET,http://ssgv.local/informes_voluntarios,1752173800,,200,request
4f5c8f,127.0.0.1,GET,http://ssgv.local/voluntarios,1752173801,,200,request
d3a063,127.0.0.1,GET,http://ssgv.local/comunicados,1752173801,,200,request
9c1b53,127.0.0.1,GET,http://ssgv.local/informes_voluntarios,1752173803,,200,request
987e1b,127.0.0.1,GET,http://ssgv.local/servicios,1752173804,,200,request
eeee05,127.0.0.1,GET,http://ssgv.local/comunicados,1752173805,,200,request
3fa0f1,127.0.0.1,GET,http://ssgv.local/nuevo_servicio,1752173810,,200,request
dc2a8d,127.0.0.1,POST,http://ssgv.local/nuevo_servicio,1752173826,,302,request
6d6147,127.0.0.1,GET,http://ssgv.local/servicios,1752173827,,200,request
268438,127.0.0.1,GET,http://ssgv.local/,1752174382,,200,request
3ad155,127.0.0.1,GET,http://ssgv.local/voluntarios,1752174383,,200,request
ccba46,127.0.0.1,GET,http://ssgv.local/editar_voluntario-luc%25C3%25ADa,1752174386,,302,request
bc45aa,127.0.0.1,GET,http://ssgv.local/voluntarios,1752174387,,200,request
102d81,127.0.0.1,GET,http://ssgv.local/editar_voluntario-luc%25C3%25ADa,1752174396,,302,request
3e8801,127.0.0.1,GET,http://ssgv.local/voluntarios,1752174397,,200,request
0e7108,127.0.0.1,GET,http://ssgv.local/editar_voluntario-luis,1752174397,,302,request
8ad393,127.0.0.1,GET,http://ssgv.local/voluntarios,1752174398,,200,request
b3cb3a,127.0.0.1,GET,http://ssgv.local/voluntarios,1752174424,,200,request
a77989,127.0.0.1,GET,http://ssgv.local/editar_voluntario-Luc%C3%ADa,1752174429,,302,request
727cd1,127.0.0.1,GET,http://ssgv.local/voluntarios,1752174431,,200,request
